model,brand,year,transmission,mileage,fuel_type,price
Hyundai Santro Xing,Hyundai,2007,Manual,45000,Petrol,80000
Mahindra Jeep CL550,Mahindra,2006,Manual,40,Diesel,425000
Hyundai Grand i10,Hyundai,2014,Manual,28000,Petrol,325000
Ford EcoSport Titanium,Ford,2014,Manual,36000,Diesel,575000
Ford Figo,Ford,2012,Manual,41000,Diesel,175000
Hyundai Eon,Hyundai,2013,Manual,25000,Petrol,190000
Ford EcoSport Ambiente,Ford,2016,Manual,24530,Diesel,830000
Maruti Suzuki Alto,Maruti,2015,Manual,60000,Petrol,250000
Skoda Fabia Classic,Skoda,2010,Manual,60000,Petrol,182000
Maruti Suzuki Stingray,Maruti,2015,Manual,30000,Petrol,315000
Hyundai Elite i20,Hyundai,2014,Manual,32000,Petrol,415000
Mahindra Scorpio SLE,Mahindra,2015,Manual,48660,Diesel,320000
Hyundai Santro Xing,Hyundai,2007,Automatic,45000,Petrol,80000
Mahindra Jeep CL550,Mahindra,2006,Manual,40,Diesel,425000
Audi A8,Audi,2017,Manual,4000,Petrol,1000000
Audi Q7,Audi,2014,Manual,16934,Diesel,500000
Mahindra Scorpio S10,Mahindra,2016,Manual,43000,Diesel,350000
Maruti Suzuki Alto,Maruti,2014,Manual,35550,Petrol,160000
Mahindra Scorpio S10,Mahindra,2016,Manual,43000,Diesel,350000
Mahindra Scorpio S10,Mahindra,2016,Manual,39522,Diesel,310000
Maruti Suzuki Alto,Maruti,2015,Manual,39000,Petrol,75000
Hyundai i20 Sportz,Hyundai,2012,Manual,55000,Petrol,100000
Hyundai i20 Sportz,Hyundai,2012,Automatic,55000,Petrol,100000
Hyundai i20 Sportz,Hyundai,2012,Manual,55000,Petrol,100000
Maruti Suzuki Alto,Maruti,2017,Manual,72000,Petrol,190000
Maruti Suzuki Vitara,Maruti,2016,Manual,15975,Diesel,290000
Maruti Suzuki Alto,Maruti,2008,Manual,70000,Petrol,95000
Mahindra Bolero DI,Mahindra,2017,Manual,23452,Diesel,180000
Maruti Suzuki Swift,Maruti,2014,Manual,35522,Diesel,385000
Mahindra Scorpio S10,Mahindra,2015,Manual,48508,Diesel,250000
Maruti Suzuki Swift,Maruti,2017,Manual,15487,Petrol,180000
Maruti Suzuki Wagon,Maruti,2013,Manual,39000,Petrol,105000
Maruti Suzuki Wagon,Maruti,2013,Manual,39000,Petrol,105000
Toyota Innova 2.0,Toyota,2012,Manual,82000,Diesel,650000
Renault Lodgy 85,Renault,2018,Manual,20000,Diesel,689999
Skoda Yeti Ambition,Skoda,2012,Manual,68000,Diesel,448000
Maruti Suzuki Baleno,Maruti,2017,Manual,32000,Diesel,549000
Renault Duster 110,Renault,2012,Manual,38000,Diesel,501000
Renault Duster 85,Renault,2013,Manual,27000,Diesel,489999
Honda City 1.5,Honda,2011,Manual,33000,Petrol,280000
Maruti Suzuki Alto,Maruti,2015,Automatic,60000,Petrol,250000
Maruti Suzuki Dzire,Maruti,2013,Manual,46000,Diesel,349999
Honda Amaze,Honda,2013,Manual,46000,Diesel,284999
Honda Amaze 1.5,Honda,2015,Manual,36000,Diesel,345000
Honda City,Honda,2015,Manual,55000,Petrol,499999
Datsun Redi GO,Datsun,2017,Automatic,16000,Petrol,235000
Maruti Suzuki SX4,Maruti,2010,Manual,36000,Petrol,249999
Mitsubishi Pajero Sport,Mitsubishi,2015,Manual,47000,Diesel,1475000
Mahindra Bolero DI,Mahindra,2017,Manual,23452,Diesel,180000
Maruti Suzuki Swift,Maruti,2014,Automatic,35522,Diesel,385000
Mahindra Scorpio S10,Mahindra,2015,Automatic,48508,Diesel,250000
Maruti Suzuki Swift,Maruti,2017,Automatic,15487,Petrol,180000
Maruti Suzuki Wagon,Maruti,2013,Automatic,39000,Petrol,105000
Maruti Suzuki Wagon,Maruti,2013,Automatic,39000,Petrol,105000
Mahindra Scorpio S10,Mahindra,2015,Manual,35000,Diesel,395000
Maruti Suzuki Swift,Maruti,2017,Automatic,30874,Petrol,220000
Honda City ZX,Honda,2017,Manual,15000,Diesel,170000
Maruti Suzuki Wagon,Maruti,2013,Manual,29685,Petrol,85000
Ford Figo,Ford,2012,Manual,41000,Diesel,175000
Hyundai Eon,Hyundai,2013,Automatic,25000,Petrol,190000
Tata Indigo eCS,Tata,2017,Manual,130000,Diesel,200000
Ford EcoSport Ambiente,Ford,2016,Manual,24530,Diesel,830000
Tata Indigo eCS,Tata,2017,Automatic,130000,Diesel,200000
Mahindra Scorpio SLE,Mahindra,2012,Automatic,19000,Diesel,570000
Volkswagen Polo Highline,Volkswagen,2014,Automatic,60000,Petrol,315000
Skoda Fabia Classic,Skoda,2010,Manual,60000,Petrol,182000
Maruti Suzuki Stingray,Maruti,2015,Automatic,30000,Petrol,315000
Chevrolet Spark LS,Chevrolet,2010,Manual,41000,Petrol,110000
Renault Duster 110PS,Renault,2012,Manual,35000,Diesel,501000
Honda City,Honda,2015,Manual,54000,Petrol,448999
Mini Cooper S,Mini,2013,Manual,13000,Petrol,1891111
Datsun Redi GO,Datsun,2017,Manual,16000,Petrol,235000
Skoda Fabia 1.2L,Skoda,2011,Manual,38200,Diesel,159500
Honda Amaze,Honda,2015,Manual,22000,Petrol,344999
Honda Amaze,Honda,2015,Manual,22000,Petrol,344999
Renault Duster,Renault,2014,Manual,50000,Diesel,449999
Mini Cooper S,Mini,2013,Manual,13500,Petrol,1891111
Mahindra Scorpio S4,Mahindra,2015,Automatic,30000,Diesel,865000
Mahindra Scorpio VLX,Mahindra,2014,Automatic,50000,Diesel,699000
Mahindra Quanto C8,Mahindra,2013,Automatic,20000,Diesel,375000
Ford EcoSport,Ford,2017,Manual,39000,Petrol,489999
Honda Brio,Honda,2012,Manual,30000,Petrol,224999
Volkswagen Vento Highline,Volkswagen,2019,Automatic,3600,Diesel,1200000
Hyundai i20 Magna,Hyundai,2009,Manual,32000,Petrol,195000
Toyota Corolla Altis,Toyota,2010,Manual,38000,Diesel,351000
Hyundai Verna Transform,Hyundai,2008,Automatic,45000,Petrol,160000
Toyota Corolla Altis,Toyota,2009,Manual,35000,Petrol,240000
Honda City 1.5,Honda,2005,Manual,50000,Petrol,90000
Hyundai Elite i20,Hyundai,2014,Manual,32000,Petrol,415000
Skoda Fabia 1.2L,Skoda,2011,Manual,45863,Diesel,155000
BMW 3 Series,BMW,2011,Manual,60500,Petrol,600000
Maruti Suzuki A,Maruti,2011,Manual,12500,Petrol,189500
Toyota Etios GD,Toyota,2013,Manual,60000,Diesel,350000
Ford Figo Diesel,Ford,2012,Automatic,35000,Diesel,210000
Maruti Suzuki Swift,Maruti,2014,Automatic,35000,Petrol,390000
Chevrolet Beat LT,Chevrolet,2012,Manual,45000,Diesel,135000
BMW 7 Series,BMW,2009,Automatic,35000,Petrol,1600000
Mahindra XUV500 W8,Mahindra,2013,Manual,38000,Diesel,701000
Hyundai i10 Magna,Hyundai,2014,Manual,18000,Petrol,265000
Hyundai Verna Fluidic,Hyundai,2015,Manual,35000,Diesel,525000
Maruti Suzuki Swift,Maruti,2013,Manual,13349,Petrol,372000
Maruti Suzuki Ertiga,Maruti,2016,Manual,29000,Petrol,635000
Ford EcoSport Titanium,Ford,2014,Manual,44000,Diesel,550000
Maruti Suzuki Ertiga,Maruti,2016,Manual,29000,Petrol,575000
Maruti Suzuki Ertiga,Maruti,2013,Manual,42000,Diesel,485000
Maruti Suzuki Alto,Maruti,2012,Manual,14000,Petrol,155000
Hyundai Grand i10,Hyundai,2014,Manual,49000,Diesel,345000
Honda Amaze 1.2,Honda,2014,Manual,42000,Petrol,325000
Hyundai i20 Asta,Hyundai,2012,Manual,36200,Diesel,329500
Ford Figo Diesel,Ford,2014,Manual,50000,Diesel,195000
Maruti Suzuki Eeco,Maruti,2015,Manual,55000,Petrol,251111
Maruti Suzuki Ertiga,Maruti,2014,Manual,45000,Petrol,569999
Maruti Suzuki Esteem,Maruti,2007,Manual,51000,Petrol,69999
Maruti Suzuki Ritz,Maruti,2014,Manual,19000,Petrol,299999
Maruti Suzuki Dzire,Maruti,2009,Manual,46000,Petrol,220000
Maruti Suzuki Ritz,Maruti,2013,Manual,33000,Diesel,399999
Maruti Suzuki Swift,Maruti,2013,Manual,13349,Petrol,372000
Maruti Suzuki Dzire,Maruti,2015,Manual,104000,Diesel,450000
Toyota Etios Liva,Toyota,2014,Manual,55000,Petrol,270000
Hyundai i20 Sportz,Hyundai,2011,Manual,33333,Diesel,350000
Chevrolet Spark,Chevrolet,2012,Manual,33600,Petrol,158400
Maruti Suzuki Alto,Maruti,2017,Manual,5600,Petrol,350000
Nissan Micra XV,Nissan,2011,Manual,41000,Petrol,179000
Maruti Suzuki Swift,Maruti,2007,Manual,70000,Petrol,125000
Maruti Suzuki Alto,Maruti,2018,Manual,7500,Petrol,200000
Honda Amaze 1.5,Honda,2013,Manual,45000,Diesel,299000
Maruti Suzuki Alto,Maruti,2015,Manual,38000,Petrol,220000
Chevrolet Beat,Chevrolet,2015,Manual,30000,Petrol,150000
Honda City 1.5,Honda,2010,Manual,35000,Petrol,285000
Ford EcoSport Trend,Ford,2016,Manual,24330,Diesel,830000
Hyundai i20 Asta,Hyundai,2009,Manual,65480,Petrol,210000
Maruti Suzuki Swift,Maruti,2013,Manual,41000,Petrol,340000
Tata Indica V2,Tata,2006,Manual,20000,Petrol,90000
Hindustan Motors Ambassador,Hindustan,2000,Manual,200000,Diesel,70000
Toyota Corolla Altis,Toyota,2010,Manual,70000,Petrol,289999
Toyota Corolla Altis,Toyota,2012,Manual,59000,Petrol,349999
Toyota Innova 2.5,Toyota,2012,Manual,99000,Diesel,849999
Volkswagen Jetta Highline,Volkswagen,2014,Manual,46000,Diesel,749999
Volkswagen Polo Comfortline,Volkswagen,2015,Manual,2800,Petrol,399999
Volkswagen Polo,Volkswagen,2014,Manual,32000,Petrol,274999
Mahindra Scorpio,Mahindra,2015,Manual,22000,Diesel,984999
Renault Duster,Renault,2014,Manual,50000,Diesel,449999
Honda Amaze,Honda,2015,Manual,22000,Petrol,344999
Nissan Sunny,Nissan,2012,Manual,45000,Petrol,224999
Hyundai Elite i20,Hyundai,2018,Manual,21000,Petrol,599999
Renault Kwid,Renault,2016,Manual,11000,Petrol,244999
Renault Duster,Renault,2013,Manual,41000,Diesel,399999
Ford EcoSport,Ford,2017,Manual,39000,Petrol,489999
Renault Duster,Renault,2014,Manual,50000,Diesel,474999
Mahindra Scorpio VLX,Mahindra,2011,Manual,66000,Diesel,499999
Maruti Suzuki Alto,Maruti,2018,Manual,3000,Petrol,310000
Chevrolet Spark LT,Chevrolet,2010,Manual,45000,Petrol,85000
Datsun Redi GO,Datsun,2016,Manual,7000,Petrol,245000
Maruti Suzuki Swift,Maruti,2010,Manual,38500,Diesel,189500
Fiat Punto Emotion,Fiat,2012,Manual,37200,Diesel,169500
Maruti Suzuki Swift,Maruti,2010,Automatic,43200,Diesel,159500
Toyota Etios GD,Toyota,2013,Manual,24800,Petrol,275000
Hyundai i20 Sportz,Hyundai,2014,Manual,60000,Diesel,370000
Hyundai i10 Sportz,Hyundai,2010,Manual,45872,Petrol,168000
Chevrolet Beat LT,Chevrolet,2011,Automatic,40000,Diesel,150000
Chevrolet Beat LS,Chevrolet,2011,Manual,45000,Diesel,145000
Chevrolet Beat LT,Chevrolet,2012,Manual,38000,Diesel,98500
Mahindra Scorpio VLX,Mahindra,2014,Manual,50000,Diesel,699000
Tata Indigo CS,Tata,2011,Manual,11400,Diesel,85000
Toyota Corolla Altis,Toyota,2015,Manual,42000,Petrol,575000
Honda City 1.5,Honda,2014,Automatic,39000,Petrol,549000
Maruti Suzuki Swift,Maruti,2011,Manual,47000,Diesel,209000
Hyundai Eon Era,Hyundai,2013,Manual,27000,Petrol,185000
Mahindra Scorpio S10,Mahindra,2015,Manual,97200,Diesel,900000
Mahindra XUV500,Mahindra,2014,Manual,52000,Diesel,699999
Honda Brio,Honda,2012,Manual,30000,Petrol,224999
Ford Fiesta,Ford,2011,Manual,55000,Diesel,274999
Honda Amaze,Honda,2013,Manual,46000,Diesel,284999
Honda City,Honda,2015,Automatic,30000,Diesel,599999
Maruti Suzuki Wagon,Maruti,2012,Manual,44000,Petrol,199999
Honda City,Honda,2014,Manual,45000,Diesel,544999
Hyundai i20,Hyundai,2009,Manual,31000,Petrol,199000
Tata Indigo eCS,Tata,2016,Automatic,175430,Diesel,320000
Hyundai Fluidic Verna,Hyundai,2015,Automatic,38000,Diesel,540000
Mahindra Quanto C8,Mahindra,2013,Manual,37000,Diesel,340000
Fiat Petra ELX,Fiat,2008,Manual,65000,Petrol,75000
Skoda Fabia 1.2L,Skoda,2011,Manual,38200,Diesel,159500
Mini Cooper S,Mini,2013,Manual,13000,Petrol,1891111
Hyundai Santro Xing,Hyundai,2005,Manual,7500,Petrol,49000
Maruti Suzuki Ciaz,Maruti,2016,Manual,3350,Petrol,700000
Maruti Suzuki Zen,Maruti,2000,Automatic,60000,Petrol,55000
Honda City,Honda,2015,Automatic,54000,Petrol,448999
Hyundai Creta 1.6,Hyundai,2017,Manual,32000,Petrol,895000
Mahindra Scorpio SLX,Mahindra,2007,Manual,75000,Diesel,355000
Mahindra Scorpio SLE,Mahindra,2012,Manual,62000,Diesel,565000
Toyota Innova 2.5,Toyota,2006,Manual,73000,Diesel,365000
Maruti Suzuki Alto,Maruti,2011,Manual,41000,Petrol,145000
Maruti Suzuki Wagon,Maruti,2011,Manual,35000,Petrol,210000
Tata Nano Cx,Tata,2013,Manual,2200,Petrol,40000
Maruti Suzuki Alto,Maruti,2013,Manual,39000,Petrol,125000
Maruti Suzuki Wagon,Maruti,2009,Manual,45000,Petrol,135000
Maruti Suzuki Swift,Maruti,2006,Automatic,45000,Petrol,135000
Tata Sumo Victa,Tata,2012,Manual,65000,Diesel,285000
Maruti Suzuki Wagon,Maruti,2010,Manual,54870,Petrol,145000
Maruti Suzuki Alto,Maruti,2010,Manual,34580,Petrol,135000
Volkswagen Passat Diesel,Volkswagen,2009,Manual,97000,Diesel,450000
Renault Scala RxL,Renault,2015,Manual,25000,Diesel,375000
Mahindra Quanto C8,Mahindra,2013,Manual,20000,Diesel,375000
Hyundai Grand i10,Hyundai,2014,Manual,20000,Petrol,365000
Hyundai i20 Active,Hyundai,2015,Manual,18000,Petrol,500000
Mahindra Xylo E4,Mahindra,2012,Manual,35000,Diesel,400000
Mahindra Jeep MM,Mahindra,2019,Manual,60,Diesel,390000
Renault Duster 110PS,Renault,2012,Automatic,35000,Diesel,501000
Mahindra Bolero SLE,Mahindra,2013,Manual,80200,Diesel,330000
Force Motors Force,Force,2015,Manual,3200,Diesel,580000
Maruti Suzuki SX4,Maruti,2012,Manual,46000,Diesel,265000
Mahindra Jeep CL550,Mahindra,2019,Manual,0,Diesel,379000
Maruti Suzuki Alto,Maruti,2015,Manual,5000,Petrol,219000
Mahindra Jeep CL550,Mahindra,2018,Manual,588,Diesel,385000
Toyota Etios,Toyota,2011,Manual,36000,Diesel,275000
Volkswagen Polo,Volkswagen,2015,Manual,38000,Diesel,330000
Honda City ZX,Honda,2008,Manual,45000,Petrol,110000
Maruti Suzuki Wagon,Maruti,2006,Manual,71200,Petrol,80000
Honda City VX,Honda,2016,Manual,52000,Diesel,519000
Mahindra Thar CRDe,Mahindra,2016,Manual,29000,Diesel,730000
Mitsubishi Pajero Sport,Mitsubishi,2015,Manual,47000,Diesel,1475000
Audi A4 1.8,Audi,2009,Automatic,47000,Petrol,699000
Mercedes Benz GLA,Mercedes,2015,Manual,20000,Diesel,2000000
Land Rover Freelander,Land,2015,Manual,30000,Diesel,2100000
Renault Kwid RXT,Renault,2017,Automatic,5000,Petrol,340000
Tata Aria Pleasure,Tata,2014,Manual,35000,Diesel,390000
Mercedes Benz B,Mercedes,2014,Manual,31000,Petrol,1400000
Datsun GO T,Datsun,2016,Manual,7000,Petrol,245000
Tata Indigo eCS,Tata,2016,Manual,175430,Diesel,320000
Tata Indigo eCS,Tata,2016,Manual,175400,Diesel,320000
Honda Jazz VX,Honda,2016,Manual,41000,Petrol,450000
Honda Amaze 1.2,Honda,2014,Manual,33000,Petrol,311000
Honda Amaze,Honda,2013,Automatic,46000,Diesel,284999
Honda City,Honda,2012,Manual,45000,Petrol,399999
Honda City,Honda,2015,Manual,39000,Diesel,599999
Honda Amaze,Honda,2015,Manual,22000,Petrol,344999
Audi A4 1.8,Audi,2009,Manual,47000,Petrol,699000
Force Motors Force,Force,2015,Manual,3200,Diesel,580000
Mahindra Scorpio S4,Mahindra,2015,Manual,30000,Diesel,855000
Hyundai i20 Active,Hyundai,2015,Manual,37000,Diesel,535000
Mini Cooper S,Mini,2013,Manual,13000,Petrol,1891111
Maruti Suzuki Ciaz,Maruti,2017,Manual,14000,Petrol,699000
Chevrolet Tavera Neo,Chevrolet,2013,Manual,55000,Diesel,375000
Honda Amaze,Honda,2013,Manual,46000,Diesel,284999
Hyundai Eon Sportz,Hyundai,2012,Manual,30000,Petrol,178000
Tata Sumo Gold,Tata,2013,Manual,50000,Diesel,300000
Maruti Suzuki Wagon,Maruti,2003,Manual,45000,Petrol,90000
Maruti Suzuki Esteem,Maruti,2006,Manual,45000,Petrol,95000
Maruti Suzuki Eeco,Maruti,2015,Manual,9300,Petrol,255000
Chevrolet Enjoy 1.4,Chevrolet,2013,Manual,55000,Diesel,245000
Hyundai i20 Asta,Hyundai,2012,Manual,36200,Diesel,329500
Ford Figo Diesel,Ford,2014,Manual,50000,Diesel,195000
Maruti Suzuki Eeco,Maruti,2015,Automatic,55000,Petrol,251111
Maruti Suzuki Ertiga,Maruti,2014,Manual,45000,Petrol,569999
Maruti Suzuki Esteem,Maruti,2007,Manual,51000,Petrol,69999
Maruti Suzuki Ritz,Maruti,2014,Manual,19000,Petrol,299999
Maruti Suzuki Dzire,Maruti,2009,Manual,46000,Petrol,220000
Maruti Suzuki Ritz,Maruti,2013,Manual,33000,Diesel,399999
Maruti Suzuki SX4,Maruti,2010,Manual,36000,Petrol,249999
Maruti Suzuki Wagon,Maruti,2015,Manual,22000,Petrol,289999
Mini Cooper S,Mini,2013,Manual,13500,Petrol,1891111
Nissan Terrano XL,Nissan,2015,Manual,60000,Diesel,499999
Renault Duster 85,Renault,2013,Manual,27000,Diesel,489999
Renault Duster 85,Renault,2014,Manual,59000,Diesel,489999
Renault Duster 85,Renault,2015,Manual,19000,Diesel,549999
Maruti Suzuki Dzire,Maruti,2013,Manual,30000,Petrol,380000
Renault Kwid RXT,Renault,2018,Manual,15000,Petrol,325000
Maruti Suzuki Maruti,Maruti,2003,Manual,56758,Petrol,57000
Renault Kwid 1.0,Renault,2018,Manual,10000,Petrol,349999
Renault Lodgy 85,Renault,2018,Manual,20000,Diesel,689999
Renault Scala RxL,Renault,2014,Manual,49000,Diesel,349999
Hyundai Grand i10,Hyundai,2014,Manual,41000,Petrol,410000
Maruti Suzuki Swift,Maruti,2011,Manual,45000,Petrol,225000
Chevrolet Beat LS,Chevrolet,2010,Manual,43000,Petrol,120000
Tata Indigo eCS,Tata,2016,Manual,175430,Diesel,320000
Hyundai Santro Xing,Hyundai,2000,Automatic,56450,Petrol,59000
Hyundai Fluidic Verna,Hyundai,2015,Manual,38000,Diesel,540000
Chevrolet Beat LS,Chevrolet,2010,Manual,56000,Petrol,80000
Mahindra Quanto C8,Mahindra,2013,Manual,37000,Diesel,340000
Fiat Petra ELX,Fiat,2008,Manual,65000,Petrol,75000
Chevrolet Beat LS,Chevrolet,2015,Manual,32700,Petrol,220000
Skoda Fabia 1.2L,Skoda,2011,Manual,38200,Diesel,159500
Ford EcoSport Titanium,Ford,2016,Manual,30000,Diesel,599000
Hyundai Accent GLX,Hyundai,2006,Manual,56000,Petrol,80000
Mahindra TUV300 T4,Mahindra,2016,Manual,9000,Diesel,675000
Mini Cooper S,Mini,2013,Automatic,13000,Petrol,1891111
Mini Cooper S,Mini,2013,Manual,13000,Petrol,1891111
Tata Indica V2,Tata,2008,Automatic,11000,Petrol,150000
Mini Cooper S,Mini,2013,Manual,13000,Petrol,1891111
Tata Indigo CS,Tata,2009,Manual,46000,Diesel,72500
Maruti Suzuki Swift,Maruti,2019,Manual,73,Petrol,610000
Mahindra Scorpio VLX,Mahindra,2004,Manual,160000,Diesel,230000
Honda Accord,Honda,2009,Manual,58559,Petrol,175000
Mahindra Scorpio S4,Mahindra,2015,Manual,30000,Diesel,855000
Chevrolet Tavera Neo,Chevrolet,2013,Manual,55000,Diesel,375000
Ford EcoSport Titanium,Ford,2014,Manual,57000,Diesel,520000
Maruti Suzuki Ertiga,Maruti,2015,Manual,50000,Diesel,524999
Honda Amaze,Honda,2014,Manual,37000,Petrol,299999
Maruti Suzuki Dzire,Maruti,2012,Manual,40000,Petrol,299999
Honda City,Honda,2011,Manual,55000,Petrol,284999
Mahindra Scorpio 2.6,Mahindra,2007,Manual,170000,Diesel,220000
Maruti Suzuki Dzire,Maruti,2014,Manual,55000,Diesel,424999
Honda City,Honda,2015,Manual,39000,Petrol,644999
Honda Mobilio,Honda,2014,Manual,44000,Petrol,399999
Toyota Corolla Altis,Toyota,2009,Manual,65000,Petrol,199999
Honda City,Honda,2014,Manual,39000,Petrol,584999
Skoda Laura,Skoda,2012,Manual,44000,Diesel,349999
Renault Duster,Renault,2015,Manual,49000,Diesel,449999
Maruti Suzuki Ertiga,Maruti,2018,Manual,9000,Diesel,799999
Maruti Suzuki Dzire,Maruti,2015,Manual,45000,Diesel,444999
Mahindra XUV500,Mahindra,2014,Manual,47000,Diesel,649999
Hyundai Verna Fluidic,Hyundai,2012,Manual,40000,Diesel,444999
Maruti Suzuki Vitara,Maruti,2016,Manual,29000,Diesel,689999
Maruti Suzuki Wagon,Maruti,2016,Automatic,15000,Petrol,344999
Mahindra Scorpio,Mahindra,2015,Manual,45000,Diesel,944999
Honda Amaze,Honda,2014,Manual,35000,Petrol,274999
Mahindra XUV500,Mahindra,2013,Manual,80000,Diesel,689999
Mahindra Scorpio,Mahindra,2013,Manual,68000,Diesel,574999
Skoda Laura,Skoda,2013,Manual,50000,Diesel,374999
Volkswagen Polo,Volkswagen,2010,Manual,60000,Diesel,199999
Hyundai Elite i20,Hyundai,2016,Manual,9000,Petrol,549999
Tata Manza Aura,Tata,2012,Manual,72000,Diesel,130000
Chevrolet Sail UVA,Chevrolet,2013,Manual,60000,Petrol,210000
Renault Duster 110,Renault,2012,Automatic,38000,Diesel,501000
Hyundai Verna Fluidic,Hyundai,2013,Manual,45000,Diesel,401000
Audi A4 2.0,Audi,2012,Manual,40000,Diesel,1350000
Hyundai Elantra SX,Hyundai,2013,Manual,20000,Petrol,600000
Mahindra Scorpio VLX,Mahindra,2013,Manual,35000,Diesel,610000
Mahindra KUV100 K8,Mahindra,2016,Manual,20000,Diesel,400000
Renault Scala RxL,Renault,2015,Manual,25000,Diesel,375000
Mahindra Quanto C8,Mahindra,2013,Manual,20000,Diesel,375000
Hyundai Grand i10,Hyundai,2014,Manual,20000,Petrol,365000
Hyundai i20 Active,Hyundai,2015,Manual,18000,Petrol,500000
Mahindra Xylo E4,Mahindra,2012,Manual,35000,Diesel,400000
Hyundai Grand i10,Hyundai,2017,Manual,6821,Petrol,524999
Hyundai i20,Hyundai,2014,Manual,23000,Petrol,449999
Hyundai Eon,Hyundai,2014,Manual,14000,Petrol,174999
Hyundai i10,Hyundai,2012,Manual,38000,Petrol,244999
Hyundai i20 Active,Hyundai,2015,Manual,35000,Diesel,574999
Datsun Redi GO,Datsun,2017,Manual,22000,Petrol,244999
Toyota Etios Liva,Toyota,2011,Manual,41000,Petrol,239999
Hyundai Accent,Hyundai,2010,Automatic,45000,Petrol,99999
Hyundai Verna,Hyundai,2014,Manual,44000,Diesel,489999
Maruti Suzuki Swift,Maruti,2013,Manual,45000,Diesel,324999
Toyota Fortuner,Toyota,2011,Manual,52000,Diesel,1074999
Hyundai i10 Sportz,Hyundai,2012,Manual,34000,Petrol,230000
Mahindra Bolero Power,Mahindra,2018,Automatic,1800,Diesel,699000
Mahindra XUV500,Mahindra,2015,Manual,15000,Diesel,1000000
Honda City 1.5,Honda,2010,Manual,400000,Petrol,240000
Chevrolet Spark LT,Chevrolet,2009,Manual,44000,Petrol,110000
Mahindra Jeep MM,Mahindra,2019,Automatic,60,Diesel,390000
Renault Duster 110PS,Renault,2012,Automatic,35000,Diesel,501000
Mahindra XUV500,Mahindra,2016,Automatic,72000,Diesel,1130000
Tata Indigo eCS,Tata,2014,Automatic,40000,Diesel,250000
Mahindra Bolero SLE,Mahindra,2013,Automatic,80200,Diesel,330000
Force Motors Force,Force,2015,Manual,3200,Diesel,580000
Skoda Rapid Elegance,Skoda,2013,Automatic,48000,Diesel,340000
Tata Vista Quadrajet,Tata,2011,Manual,90000,Diesel,120000
Maruti Suzuki Alto,Maruti,2015,Manual,12000,Petrol,265000
Maruti Suzuki SX4,Maruti,2012,Manual,46000,Diesel,265000
Maruti Suzuki Zen,Maruti,2003,Automatic,69900,Petrol,85000
Mahindra Jeep CL550,Mahindra,2019,Manual,0,Diesel,379000
Hyundai i10 Magna,Hyundai,2011,Manual,45000,Petrol,175000
Maruti Suzuki Alto,Maruti,2015,Automatic,5000,Petrol,219000
Maruti Suzuki Swift,Maruti,2016,Automatic,166000,Diesel,350000
Honda City ZX,Honda,2008,Automatic,42000,Petrol,149000
Mahindra Jeep CL550,Mahindra,2018,Manual,588,Diesel,385000
Mahindra Jeep MM,Mahindra,2006,Automatic,122,Diesel,425000
Chevrolet Beat Diesel,Chevrolet,2017,Manual,62000,Diesel,150000
Honda City 1.5,Honda,2010,Manual,70000,Petrol,225000
Hyundai Verna 1.4,Hyundai,2014,Manual,36000,Petrol,375000
Toyota Innova 2.5,Toyota,2012,Manual,0,Diesel,770000
Maruti Suzuki Maruti,Maruti,1995,Manual,55000,Petrol,30000
Toyota Etios,Toyota,2011,Manual,36000,Diesel,275000
Volkswagen Polo,Volkswagen,2015,Manual,38000,Diesel,330000
Maruti Suzuki Swift,Maruti,2014,Manual,55000,Diesel,335000
Hyundai Elite i20,Hyundai,2015,Manual,20000,Diesel,450000
Maruti Suzuki Swift,Maruti,2012,Manual,40000,Petrol,225000
Maruti Suzuki Versa,Maruti,2004,Automatic,50000,Petrol,80000
Tata Indigo LX,Tata,2016,Automatic,104000,Diesel,130000
Volkswagen Vento Konekt,Volkswagen,2011,Automatic,65000,Diesel,245000
Mercedes Benz C,Mercedes,2002,Manual,41000,Petrol,399000
Maruti Suzuki Ertiga,Maruti,2013,Manual,90000,Diesel,450000
Honda City,Honda,2000,Automatic,80000,Petrol,65000
Hyundai Santro Xing,Hyundai,2006,Manual,46000,Petrol,75000
Maruti Suzuki Omni,Maruti,2001,Manual,70000,Petrol,70000
Hyundai Sonata Transform,Hyundai,2017,Automatic,36469,Diesel,190000
Hyundai Elite i20,Hyundai,2018,Manual,7800,Petrol,600000
Volkswagen Vento Konekt,Volkswagen,2011,Manual,65000,Diesel,245000
Maruti Suzuki Alto,Maruti,2017,Manual,60000,Petrol,240000
Maruti Suzuki Alto,Maruti,2011,Manual,32000,Petrol,155000
Honda Jazz S,Honda,2009,Manual,24695,Petrol,169999
Hyundai Grand i10,Hyundai,2017,Manual,15141,Petrol,450000
Maruti Suzuki Zen,Maruti,2001,Manual,40000,Petrol,40000
Mahindra Scorpio W,Mahindra,2012,Automatic,65000,Diesel,165000
Maruti Suzuki Alto,Maruti,2014,Automatic,22000,Petrol,270000
Hyundai Grand i10,Hyundai,2016,Manual,59910,Diesel,280000
Mahindra XUV500 W8,Mahindra,2012,Automatic,100000,Diesel,560000
Hyundai Creta 1.6,Hyundai,2016,Manual,25000,Petrol,950000
Hyundai i20 Magna,Hyundai,2013,Manual,35000,Petrol,310000
Renault Duster 85,Renault,2015,Manual,65000,Diesel,715000
Hyundai Grand i10,Hyundai,2014,Manual,35000,Petrol,340000
Honda Brio V,Honda,2012,Manual,33000,Petrol,235000
Mahindra TUV300 T4,Mahindra,2017,Manual,68000,Diesel,610000
Chevrolet Spark LS,Chevrolet,2010,Manual,23000,Petrol,95000
Mahindra TUV300 T8,Mahindra,2018,Manual,4500,Diesel,1000000
Maruti Suzuki Swift,Maruti,2015,Manual,129000,Diesel,220000
Nissan X Trail,Nissan,2019,Manual,300,Diesel,1200000
Maruti Suzuki Alto,Maruti,2015,Manual,5000,Petrol,230000
Ford Ikon 1.3,Ford,2001,Manual,65000,Petrol,45000
Toyota Fortuner 3.0,Toyota,2010,Manual,131000,Diesel,940000
Tata Manza ELAN,Tata,2010,Manual,111111,Petrol,155555
Mercedes Benz A,Mercedes,2013,Manual,14000,Petrol,1500000
Chevrolet Beat LS,Chevrolet,2016,Manual,22000,Diesel,210000
Ford EcoSport Trend,Ford,2013,Manual,38000,Diesel,495000
Tata Indigo LS,Tata,2016,Manual,70000,Diesel,125000
Hyundai i20 Magna,Hyundai,2010,Manual,36000,Petrol,195000
Volkswagen Vento Highline,Volkswagen,2015,Manual,34000,Diesel,550000
Renault Kwid RXT,Renault,2015,Manual,43000,Petrol,270000
Ford EcoSport Titanium,Ford,2014,Manual,40000,Diesel,500000
Honda Amaze 1.5,Honda,2016,Manual,160000,Diesel,240000
Hyundai Verna 1.6,Hyundai,2017,Manual,12000,Petrol,800000
BMW 5 Series,BMW,2011,Manual,49000,Diesel,1299000
Skoda Superb 1.8,Skoda,2011,Manual,68000,Petrol,530000
Audi Q3 2.0,Audi,2013,Manual,37000,Diesel,1499000
Mahindra Bolero DI,Mahindra,2012,Manual,59466,Diesel,220000
Mahindra Scorpio S10,Mahindra,2015,Manual,97200,Diesel,900000
Ford Figo Duratorq,Ford,2012,Manual,99000,Diesel,250000
Maruti Suzuki Wagon,Maruti,2018,Manual,25500,Petrol,395000
Mahindra Logan Diesel,Mahindra,2009,Manual,66000,Petrol,130000
Tata Nano GenX,Tata,2010,Manual,44005,Petrol,32000
Mahindra TUV300 T4,Mahindra,2016,Manual,35000,Diesel,540000
Mahindra TUV300 T4,Mahindra,2016,Manual,35000,Diesel,540000
Hyundai Elite i20,Hyundai,2015,Manual,28000,Petrol,405000
Hyundai Elite i20,Hyundai,2015,Manual,30000,Petrol,400000
Honda City SV,Honda,2017,Manual,4000,Petrol,760000
Maruti Suzuki Baleno,Maruti,2016,Manual,28000,Petrol,500000
Ford Figo Petrol,Ford,2011,Manual,75000,Petrol,175000
Mahindra Scorpio S10,Mahindra,2015,Manual,97200,Diesel,900000
Honda City,Honda,2017,Manual,3000,Petrol,750000
Hyundai Elite i20,Hyundai,2015,Manual,20000,Petrol,419000
Maruti Suzuki Versa,Maruti,2004,Manual,50000,Petrol,90000
Hyundai Eon Era,Hyundai,2018,Manual,2110,Petrol,140000
Mitsubishi Pajero Sport,Mitsubishi,2015,Manual,43222,Petrol,1540000
Hyundai i10 Magna,Hyundai,2008,Manual,100200,Petrol,275000
Toyota Corolla H2,Toyota,2003,Manual,100000,Petrol,150000
Maruti Suzuki Swift,Maruti,2011,Manual,65,Petrol,230000
Tata Indigo CS,Tata,2015,Manual,100000,Diesel,123000
Mahindra Scorpio S10,Mahindra,2015,Manual,97200,Diesel,900000
Mahindra Scorpio S10,Mahindra,2015,Manual,97200,Diesel,900000
Hyundai Xcent Base,Hyundai,2016,Manual,140000,Diesel,300000
Honda City,Honda,2015,Manual,55000,Petrol,499999
Hyundai Accent Executive,Hyundai,2009,Manual,48000,Petrol,165000
Maruti Suzuki Baleno,Maruti,2016,Manual,22000,Petrol,498000
Tata Zest XE,Tata,2018,Manual,103553,Diesel,480000
Maruti Suzuki Dzire,Maruti,2017,Manual,80000,Diesel,488000
Tata Sumo Gold,Tata,2014,Automatic,99000,Diesel,250000
Toyota Corolla Altis,Toyota,2010,Manual,58000,Petrol,220000
Maruti Suzuki Eeco,Maruti,2013,Manual,70000,LPG,290000
Toyota Fortuner 3.0,Toyota,2015,Manual,120000,Diesel,1525000
Mahindra XUV500 W6,Mahindra,2013,Automatic,49800,Diesel,548900
Tata Tigor Revotron,Tata,2019,Manual,100,Diesel,650000
Maruti Suzuki 800,Maruti,2001,Manual,81876,Petrol,55000
Maruti Suzuki Ertiga,Maruti,2015,Manual,75000,Petrol,550000
Maruti Suzuki Versa,Maruti,2004,Manual,50000,Petrol,90000
Honda Mobilio S,Honda,2014,Manual,44000,Diesel,399000
Maruti Suzuki Ertiga,Maruti,2016,Automatic,55000,Diesel,730000
Maruti Suzuki Vitara,Maruti,2017,Manual,36000,Diesel,725000
Hyundai Verna 1.6,Hyundai,2016,Manual,56000,Diesel,195000
Maruti Suzuki Swift,Maruti,2007,Manual,62000,Petrol,130000
Toyota Fortuner 3.0,Toyota,2015,Manual,120000,Diesel,1525000
Maruti Suzuki Omni,Maruti,2014,Manual,6020,Petrol,190000
Honda Amaze,Honda,2013,Manual,55700,Diesel,250000
Tata Indica,Tata,2005,Manual,42000,Petrol,80000
Hyundai Santro Xing,Hyundai,2003,Automatic,50000,Petrol,120000
Maruti Suzuki Zen,Maruti,2010,Manual,35000,Petrol,149000
Maruti Suzuki Wagon,Maruti,2014,Manual,18500,Petrol,250000
Maruti Suzuki Wagon,Maruti,2007,Manual,7000,Petrol,120000
Honda Brio VX,Honda,2017,Automatic,11000,Petrol,450000
Maruti Suzuki Zen,Maruti,2003,Automatic,53000,Petrol,99999
Maruti Suzuki Zen,Maruti,2008,Manual,23000,Petrol,135000
Maruti Suzuki Wagon,Maruti,2016,Manual,35500,Diesel,225000
Maruti Suzuki Alto,Maruti,2010,Manual,22134,Petrol,99000
Renault Kwid RXT,Renault,2019,Manual,1000,Petrol,370000
Tata Nano Lx,Tata,2010,Manual,9000,Petrol,52000
Jaguar XE XE,Jaguar,2016,Manual,8500,Petrol,2800000
Hyundai Eon Magna,Hyundai,2014,Automatic,35000,Petrol,190000
Honda City 1.5,Honda,2014,Automatic,22000,Petrol,499000
Hindustan Motors Ambassador,Hindustan,2002,Manual,25000,Diesel,90000
Maruti Suzuki Ritz,Maruti,2010,Manual,40000,Petrol,149000
Hyundai Grand i10,Hyundai,2017,Manual,20000,Petrol,400000
Hyundai Eon D,Hyundai,2016,Manual,87000,Petrol,120000
Maruti Suzuki Swift,Maruti,2015,Manual,55000,Petrol,250000
Maruti Suzuki Wagon,Maruti,2017,Manual,23000,Petrol,375000
Honda Amaze 1.2,Honda,2014,Manual,6000,Petrol,381000
Maruti Suzuki Estilo,Maruti,2013,Manual,65000,Petrol,180000
Maruti Suzuki Vitara,Maruti,2016,Manual,25000,Diesel,580000
Maruti Suzuki Eeco,Maruti,2015,Automatic,39000,Petrol,278000
Hyundai Creta 1.6,Hyundai,2016,Manual,8000,Petrol,1000000
Mahindra Scorpio Vlx,Mahindra,2013,Manual,75000,Diesel,690000
Maruti Suzuki Ertiga,Maruti,2012,Manual,51000,Diesel,480000
Mitsubishi Lancer 1.8,Mitsubishi,2006,Manual,50000,Petrol,85000
Maruti Suzuki Maruti,Maruti,2001,Manual,75000,Petrol,40000
Maruti Suzuki Alto,Maruti,2015,Manual,55800,Petrol,90000
Hyundai Grand i10,Hyundai,2015,Manual,53000,Petrol,340000
Hyundai Eon D,Hyundai,2018,Manual,25000,Petrol,260000
Ford Fiesta SXi,Ford,2009,Manual,56400,Petrol,250000
Maruti Suzuki Ritz,Maruti,2010,Manual,72160,Diesel,180000
Hyundai Verna Fluidic,Hyundai,2012,Automatic,10000,Diesel,350000
Maruti Suzuki Wagon,Maruti,2006,Manual,48000,Petrol,90001
Maruti Suzuki Estilo,Maruti,2007,Manual,36000,Petrol,115000
Audi A6 2.0,Audi,2012,Manual,11500,Diesel,1599000
Maruti Suzuki Wagon,Maruti,2003,Manual,133000,Petrol,130000
Maruti Suzuki Wagon,Maruti,2009,Manual,27000,Petrol,159000
Maruti Suzuki Wagon,Maruti,2009,Manual,35000,Petrol,160000
Maruti Suzuki Alto,Maruti,2010,Manual,55000,Petrol,110000
Maruti Suzuki Baleno,Maruti,2016,Manual,40000,Petrol,425000
Hyundai Verna 1.6,Hyundai,2019,Manual,2000,Petrol,900000
Maruti Suzuki Swift,Maruti,2009,Manual,45000,Petrol,150000
Hyundai Getz Prime,Hyundai,2009,Manual,20000,Petrol,110000
Hyundai Santro,Hyundai,2000,Manual,88000,Petrol,51999
Hyundai Getz Prime,Hyundai,2009,Manual,20000,Petrol,115000
Chevrolet Beat PS,Chevrolet,2012,Automatic,65422,Diesel,215000
Ford EcoSport Trend,Ford,2017,Manual,10000,Petrol,580000
Maruti Suzuki Dzire,Maruti,2013,Manual,35000,Petrol,380000
Hyundai Fluidic Verna,Hyundai,2013,Automatic,117000,Diesel,350000
Tata Indica V2,Tata,2005,Manual,150000,Diesel,35000
BMW X1 xDrive20d,BMW,2011,Manual,72000,Diesel,1150000
Hyundai i20 Asta,Hyundai,2010,Manual,10750,Petrol,300000
Honda City 1.5,Honda,2009,Manual,55000,Petrol,269000
Tata Nano,Tata,2013,Manual,6800,Petrol,60000
Chevrolet Cruze LTZ,Chevrolet,2014,Manual,41000,Diesel,400000
Hyundai Verna Fluidic,Hyundai,2015,Manual,73000,Diesel,430000
Maruti Suzuki Swift,Maruti,2011,Automatic,65000,Diesel,140000
Mahindra XUV500 W6,Mahindra,2014,Manual,45000,Diesel,8500003
Mahindra XUV500 W10,Mahindra,2018,Manual,40000,Diesel,1299000
Maruti Suzuki Alto,Maruti,2014,Manual,37000,Petrol,199000
Hyundai Accent GLE,Hyundai,2006,Manual,55000,Petrol,90000
Force Motors One,Force,2013,Manual,140000,Diesel,550000
Maruti Suzuki Alto,Maruti,2019,Manual,9800,Petrol,265000
Chevrolet Spark 1.0,Chevrolet,2011,Manual,27000,Petrol,100000
Hyundai i10,Hyundai,2009,Manual,27000,Petrol,215000
Toyota Etios Liva,Toyota,2012,Manual,20000,Diesel,380000
Renault Duster 85PS,Renault,2013,Manual,57923,Diesel,401919
Chevrolet Enjoy,Chevrolet,2014,Manual,30201,Diesel,490000
Maruti Suzuki Alto,Maruti,2017,Manual,6200,Petrol,280000
BMW 5 Series,BMW,2009,Manual,37518,Petrol,650000
Toyota Etios Liva,Toyota,2014,Manual,24652,Petrol,160000
Mahindra Jeep MM,Mahindra,2004,Manual,383,Diesel,424000
Chevrolet Beat LS,Chevrolet,2016,Manual,95000,Diesel,225000
Chevrolet Cruze LTZ,Chevrolet,2011,Manual,35000,Diesel,350000
Jeep Wrangler Unlimited,Jeep,2015,Manual,3528,Diesel,950000
Maruti Suzuki Ertiga,Maruti,2013,Manual,52500,Diesel,485000
Hyundai Verna VGT,Hyundai,2010,Automatic,47900,Diesel,205000
Maruti Suzuki Omni,Maruti,2012,Manual,14000,Petrol,160000
Maruti Suzuki Celerio,Maruti,2018,Manual,37000,Petrol,310000
Tata Zest Quadrajet,Tata,2017,Manual,90000,Diesel,180000
Mahindra XUV500 W6,Mahindra,2013,Manual,52800,Diesel,549900
Tata Indigo CS,Tata,2016,Manual,104000,Diesel,150000
Hyundai i10 Era,Hyundai,2011,Manual,30000,Petrol,175000
Tata Indigo eCS,Tata,2014,Manual,195000,Diesel,95000
Tata Indigo LX,Tata,2016,Manual,104000,Diesel,230000
Tata Indigo eCS,Tata,2016,Manual,104000,Diesel,230000
Tata Indigo Marina,Tata,2004,Manual,70000,Diesel,180000
Hyundai Xcent SX,Hyundai,2015,Manual,43000,Diesel,400000
Hyundai Eon Magna,Hyundai,2013,Manual,23000,Petrol,185000
Renault Duster 85,Renault,2015,Manual,51000,Diesel,385000
Maruti Suzuki Alto,Maruti,2009,Manual,62000,Petrol,90000
Tata Nano LX,Tata,2010,Manual,48008,Petrol,32000
Renault Duster 110,Renault,2013,Manual,39000,Diesel,435000
Maruti Suzuki Wagon,Maruti,2010,Manual,40000,Petrol,225000
Maruti Suzuki Swift,Maruti,2006,Manual,48247,Petrol,189700
Maruti Suzuki Ertiga,Maruti,2012,Manual,39000,Diesel,389700
Maruti Suzuki Swift,Maruti,2014,Manual,23000,Petrol,365000
Maruti Suzuki Alto,Maruti,2017,Manual,9400,Petrol,360000
Hyundai i20 Magna,Hyundai,2010,Manual,50000,Petrol,210000
Hyundai i10 Magna,Hyundai,2009,Automatic,75000,Petrol,170000
Tata Zest XE,Tata,2017,Manual,70000,Diesel,380000
Mahindra Xylo E8,Mahindra,2009,Manual,64000,Diesel,295000
Toyota Corolla Altis,Toyota,2010,Manual,55000,Petrol,185000
Tata Manza Aqua,Tata,2014,Manual,200000,Diesel,160000
Renault Kwid 1.0,Renault,2018,Manual,2137,Petrol,290000
Tata Venture EX,Tata,2013,Manual,30000,Diesel,100000
Maruti Suzuki Swift,Maruti,2014,Manual,44000,Petrol,315000
Skoda Octavia Classic,Skoda,2006,Manual,65000,Diesel,114990
Maruti Suzuki Omni,Maruti,2012,Manual,160000,LPG,120000
Chevrolet Beat Diesel,Chevrolet,2011,Automatic,56000,Diesel,125000
Tata Sumo Gold,Tata,2012,Manual,75000,Diesel,210000
Hyundai Verna 1.6,Hyundai,2018,Automatic,42000,Diesel,855000
Tata Sumo Gold,Tata,2012,Manual,75000,Diesel,210000
Mahindra Scorpio 2.6,Mahindra,2007,Manual,56000,Diesel,260000
Maruti Suzuki Zen,Maruti,2002,Manual,10544,Petrol,95000
Maruti Suzuki Swift,Maruti,2011,Manual,64000,Petrol,255000
Mahindra Scorpio SLX,Mahindra,2008,Manual,70000,Diesel,300000
Hyundai Grand i10,Hyundai,2014,Manual,25000,Petrol,340000
Hyundai Elite i20,Hyundai,2017,Manual,15000,Petrol,550000
Ford Ikon 1.6,Ford,2003,Manual,50000,Petrol,60000
Toyota Innova 2.5,Toyota,2011,Manual,147000,Diesel,750000
Nissan Sunny XL,Nissan,2011,Manual,52000,Petrol,230000
Chevrolet Beat LT,Chevrolet,2012,Manual,90001,Diesel,130000
Maruti Suzuki Alto,Maruti,2017,Manual,21000,Petrol,270000
Maruti Suzuki Swift,Maruti,2012,Manual,48006,Diesel,280000
Maruti Suzuki Swift,Maruti,2012,Manual,48006,Diesel,280000
Maruti Suzuki Swift,Maruti,2012,Manual,48006,Diesel,280000
Toyota Innova 2.0,Toyota,2012,Manual,80000,Diesel,600000
Maruti Suzuki Swift,Maruti,2010,Manual,74000,Diesel,190000
Hyundai Elite i20,Hyundai,2015,Manual,22000,Petrol,500000
Mahindra XUV500 W10,Mahindra,2016,Manual,41000,Diesel,1065000
Volkswagen Polo Trendline,Volkswagen,2015,Manual,25000,Diesel,350000
Toyota Etios Liva,Toyota,2012,Manual,85000,Diesel,350000
Mahindra TUV300 T4,Mahindra,2016,Manual,29500,Diesel,540000
Hyundai Elite i20,Hyundai,2015,Manual,30000,Petrol,470000
Hyundai Santro Xing,Hyundai,2014,Manual,57000,Petrol,179000
Maruti Suzuki Zen,Maruti,2003,Manual,60000,Petrol,48000
Maruti Suzuki Ciaz,Maruti,2016,Automatic,50000,Petrol,650000
Hyundai Eon Era,Hyundai,2013,Manual,39700,Petrol,190000
Hyundai Elantra 1.8,Hyundai,2012,Manual,65000,Petrol,500000
Maruti Suzuki Swift,Maruti,2010,Manual,67000,Diesel,270000
Maruti Suzuki Zen,Maruti,2008,Manual,46000,Petrol,125000
Hyundai Eon Era,Hyundai,2012,Manual,38000,Petrol,188000
Hyundai Grand i10,Hyundai,2016,Manual,27000,Petrol,380000
Hyundai Verna Fluidic,Hyundai,2011,Manual,43000,Diesel,365000
Ford EcoSport Trend,Ford,2014,Manual,47000,Petrol,465000
Hyundai i20 Magna,Hyundai,2011,Manual,42000,Petrol,240000
Chevrolet Beat Diesel,Chevrolet,2016,Automatic,19336,Diesel,179999
Tata Indica eV2,Tata,2015,Manual,60105,Diesel,140000
Jaguar XF 2.2,Jaguar,2013,Manual,29000,Diesel,2190000
Audi Q5 2.0,Audi,2014,Manual,34000,Diesel,2390000
BMW 3 Series,BMW,2011,Manual,35000,Diesel,1075000
Maruti Suzuki Swift,Maruti,2015,Manual,22000,Petrol,475000
BMW X1 sDrive20d,BMW,2012,Manual,41000,Diesel,1025000
Maruti Suzuki S,Maruti,2016,Manual,21000,Diesel,615000
Maruti Suzuki Ertiga,Maruti,2013,Manual,48000,Diesel,475000
Maruti Suzuki Alto,Maruti,2016,Manual,38000,Petrol,270000
Honda City SV,Honda,2014,Manual,34000,Diesel,475000
Volkswagen Vento Comfortline,Volkswagen,2011,Manual,45933,Petrol,240000
Honda City 1.5,Honda,2005,Manual,68000,Petrol,120000
Audi A4 2.0,Audi,2016,Manual,44000,Diesel,1900000
Mahindra KUV100,Mahindra,2017,Manual,35000,Diesel,360000
Tata Zest XE,Tata,2018,Manual,102563,Diesel,450000
Mahindra XUV500 W8,Mahindra,2015,Manual,28600,Diesel,900000
Maruti Suzuki Swift,Maruti,2017,Manual,41800,Diesel,650000
Tata Sumo Gold,Tata,2014,Automatic,116000,Diesel,275000
Maruti Suzuki Swift,Maruti,2009,Manual,59000,Petrol,210000
Mahindra Scorpio 2.6,Mahindra,2004,Manual,58000,Diesel,175000
Maruti Suzuki Omni,Maruti,2009,Manual,45000,Petrol,85000
Mitsubishi Pajero Sport,Mitsubishi,2015,Manual,42590,Diesel,1490000
Renault Duster,Renault,2014,Automatic,7400,Diesel,800000
Volkswagen Jetta Comfortline,Volkswagen,2009,Manual,54500,Diesel,450000
Maruti Suzuki Ertiga,Maruti,2012,Manual,200000,Diesel,1000000
Audi A4 2.0,Audi,2013,Manual,27000,Diesel,1510000
Volvo S80 Summum,Volvo,2015,Automatic,42000,Diesel,1850000
Toyota Corolla Altis,Toyota,2014,Automatic,29000,Petrol,790000
Mitsubishi Pajero Sport,Mitsubishi,2015,Automatic,37000,Diesel,1725000
Chevrolet Beat LT,Chevrolet,2012,Automatic,36000,Petrol,135000
BMW X1,BMW,2011,Automatic,34000,Diesel,1000000
Datsun Redi GO,Datsun,2018,Manual,7000,Petrol,299999
Mercedes Benz C,Mercedes,2009,Automatic,76000,Diesel,1225000
Mahindra Scorpio SLX,Mahindra,2004,Manual,60000,Diesel,175000
Volkswagen Vento Comfortline,Volkswagen,2011,Manual,95000,Diesel,200000
Tata Indigo CS,Tata,2017,Manual,50000,Diesel,270000
Ford Figo Petrol,Ford,2019,Automatic,0,Petrol,525000
Honda City ZX,Honda,2006,Manual,50000,Petrol,180000
Maruti Suzuki Wagon,Maruti,2008,Manual,68000,Petrol,140000
Ford EcoSport Trend,Ford,2014,Automatic,16000,Petrol,400000
Maruti Suzuki Swift,Maruti,2016,Automatic,51000,Diesel,499000
Maruti Suzuki Omni,Maruti,2009,Automatic,56000,Petrol,85000
Maruti Suzuki Zen,Maruti,2004,Manual,100000,Petrol,70000
Renault Duster RxL,Renault,2015,Automatic,36000,Petrol,550000
Maruti Suzuki Swift,Maruti,2014,Manual,11523,Petrol,370000
Maruti Suzuki Baleno,Maruti,2018,Manual,1000,Petrol,690000
Honda WR V,Honda,2009,Manual,60000,Petrol,250000
Tata Indigo CS,Tata,2016,Manual,85000,Diesel,110000
Renault Duster 110,Renault,2013,Manual,38600,Diesel,490000
Mahindra Scorpio LX,Mahindra,2009,Manual,95500,Diesel,320000
Maruti Suzuki Zen,Maruti,2004,Manual,56000,Petrol,68000
Maruti Suzuki Wagon,Maruti,2014,Manual,37458,Petrol,130000
Maruti Suzuki SX4,Maruti,2016,Manual,85960,Diesel,970000
Audi A3 Cabriolet,Audi,2015,Manual,12516,Petrol,3100000
Hyundai Eon D,Hyundai,2018,Automatic,35000,Petrol,280000
Maruti Suzuki Zen,Maruti,2009,Automatic,0,Petrol,125000
Mahindra Scorpio SLX,Mahindra,2008,Automatic,80000,Diesel,285000
Hyundai Santro AE,Hyundai,2011,Manual,45000,Petrol,165000
Maruti Suzuki Swift,Maruti,2009,Manual,51000,Diesel,250000
Mahindra Scorpio S4,Mahindra,2015,Automatic,30000,Diesel,865000
Mahindra Xylo D2,Mahindra,2011,Manual,48000,Diesel,390000
Hyundai Santro,Hyundai,2003,Manual,51000,Petrol,60000
Chevrolet Beat LT,Chevrolet,2015,Automatic,90000,Diesel,215000
Maruti Suzuki Swift,Maruti,2015,Manual,43000,Diesel,475000
Mahindra XUV500 W8,Mahindra,2015,Manual,53000,Diesel,899000
Toyota Fortuner 3.0,Toyota,2013,Manual,97000,Diesel,1499000
Maruti Suzuki Alto,Maruti,2013,Manual,20000,Petrol,240000
Hyundai Getz GLE,Hyundai,2007,Manual,55000,Petrol,99000
Maruti Suzuki Swift,Maruti,2014,Manual,120000,Diesel,260000
Hyundai Creta 1.6,Hyundai,2019,Manual,0,Petrol,1200000
Hyundai Santro Xing,Hyundai,2007,Automatic,46000,Petrol,115000
Hyundai Santro Xing,Hyundai,2009,Automatic,43200,Petrol,88000
Mahindra Xylo D2,Mahindra,2011,Manual,56000,Diesel,390000
Hyundai Santro Xing,Hyundai,2007,Automatic,42000,Petrol,135000
Tata Indica V2,Tata,2009,Manual,30600,Diesel,90000
Hyundai i10 Sportz,Hyundai,2011,Manual,38000,Petrol,220000
Hyundai Grand i10,Hyundai,2017,Manual,2550,Petrol,424999
Hyundai Santro Xing,Hyundai,2007,Manual,47000,Petrol,135000
Honda City 1.5,Honda,2005,Manual,41000,Petrol,95000
Nissan Micra XL,Nissan,2017,Manual,62500,Diesel,430000
Honda City 1.5,Honda,2005,Manual,68000,Petrol,115000
Maruti Suzuki Alto,Maruti,2015,Manual,50000,Petrol,215000
Maruti Suzuki Wagon,Maruti,2004,Manual,69000,Petrol,53000
Maruti Suzuki Ertiga,Maruti,2012,Manual,48000,Diesel,500000
Tata Indica eV2,Tata,2012,Manual,55000,Diesel,85000
Maruti Suzuki Omni,Maruti,2013,Manual,25000,Petrol,165000
Hyundai Eon Era,Hyundai,2014,Manual,28400,Petrol,200000
Hyundai Eon,Hyundai,2014,Manual,28000,Petrol,200000
Maruti Suzuki Swift,Maruti,2015,Manual,42000,Diesel,425000
Hyundai Verna 1.6,Hyundai,2012,Manual,29000,Diesel,600000
Chevrolet Tavera LS,Chevrolet,2005,Manual,68485,Diesel,130000
Tata Tiago Revotron,Tata,2018,Manual,3500,Petrol,430000
Tata Tiago Revotorq,Tata,2019,Manual,0,Petrol,568500
Maruti Suzuki Zen,Maruti,2006,Manual,32000,Petrol,71000
Mahindra KUV100 K8,Mahindra,2018,Manual,8000,Diesel,560000
Ford EcoSport Titanium,Ford,2014,Manual,34000,Diesel,590000
Hindustan Motors Ambassador,Hindustan,1995,Manual,37000,Petrol,750000
Ford Fusion 1.4,Ford,2007,Manual,85455,Diesel,125000
Hyundai Santro Xing,Hyundai,2007,Manual,46000,Petrol,135000
Hyundai Santro,Hyundai,2002,Manual,47000,Petrol,60000
Fiat Linea Emotion,Fiat,2009,Manual,64000,Petrol,120000
Ford Ikon 1.3,Ford,2008,Manual,46000,Petrol,95000
Maruti Suzuki Omni,Maruti,2017,Manual,8000,Petrol,240000
Tata Indica V2,Tata,2012,Manual,64000,Diesel,115000
Mahindra Scorpio S4,Mahindra,2015,Manual,63000,Diesel,795000
Hyundai Santro Xing,Hyundai,2007,Manual,65000,Petrol,55000
Mahindra Xylo D2,Mahindra,2009,Manual,62000,Diesel,300000
Hyundai Grand i10,Hyundai,2014,Manual,41000,Petrol,320000
Maruti Suzuki Alto,Maruti,2015,Manual,14000,Petrol,265000
Toyota Corolla,Toyota,2006,Manual,40000,Petrol,160000
Hyundai Eon Magna,Hyundai,2017,Manual,1600,Petrol,300000
Tata Sumo Grande,Tata,2010,Manual,90000,Diesel,130000
Maruti Suzuki Swift,Maruti,2011,Manual,58000,Diesel,250000
Volkswagen Polo Highline1.2L,Volkswagen,2013,Manual,27000,Petrol,380000
Maruti Suzuki Alto,Maruti,2003,Manual,60000,Petrol,42000
Tata Tiago Revotron,Tata,2017,Manual,31000,Petrol,400000
Maruti Suzuki Swift,Maruti,2009,Manual,90000,Diesel,120000
Maruti Suzuki Swift,Maruti,2009,Manual,90000,Diesel,120000
Tata Indigo eCS,Tata,2016,Manual,150000,Diesel,130000
Chevrolet Beat LS,Chevrolet,2014,Manual,31000,Diesel,189000
Mahindra Xylo E8,Mahindra,2011,Manual,43000,Diesel,365000
Hyundai Eon D,Hyundai,2013,Manual,20000,Petrol,170000
Tata Sumo Gold,Tata,2013,Manual,100000,Petrol,215000
Tata Nano,Tata,2013,Manual,7000,Petrol,60000
Hyundai Elite i20,Hyundai,2017,Manual,31000,Petrol,599999
Hyundai i10 Magna,Hyundai,2009,Manual,33000,Petrol,400000
Hyundai Creta,Hyundai,2016,Manual,60000,Diesel,900000
Volkswagen Polo,Volkswagen,2013,Manual,48000,Diesel,299999
Maruti Suzuki Dzire,Maruti,2014,Manual,33000,Petrol,374999
Tata Bolt XM,Tata,2015,Manual,15000,Petrol,600000
Maruti Suzuki Alto,Maruti,2005,Manual,47000,Petrol,70000
Maruti Suzuki Alto,Maruti,2005,Manual,40000,Petrol,100000
Maruti Suzuki Ritz,Maruti,2010,Automatic,38000,Diesel,150000
Maruti Suzuki Alto,Maruti,2017,Manual,12500,Petrol,225000
Maruti Suzuki Dzire,Maruti,2009,Manual,42000,Petrol,210000
Hyundai i20 Asta,Hyundai,2014,Manual,31000,Petrol,425000
Maruti Suzuki Swift,Maruti,2008,Automatic,60000,Diesel,162000
Tata Indica V2,Tata,2005,Manual,80000,Diesel,60000
Mahindra Scorpio VLX,Mahindra,2014,Manual,77000,Diesel,650000
Toyota Innova 2.5,Toyota,2012,Manual,75000,Diesel,750000
Mahindra Xylo E8,Mahindra,2010,Manual,40000,Diesel,375000
Hyundai i20 Magna,Hyundai,2011,Manual,47000,Petrol,230000
Maruti Suzuki Omni,Maruti,2000,Automatic,60000,Petrol,35999
Mahindra KUV100,Mahindra,2016,Manual,26500,Petrol,380000
Mahindra KUV100 K8,Mahindra,2019,Manual,2875,Petrol,560000
Datsun Go Plus,Datsun,2016,Manual,13900,Petrol,285000
Ford Endeavor 4x4,Ford,2019,Manual,9000,Diesel,2900000
Tata Indica V2,Tata,2005,Manual,80000,Diesel,39999
Hyundai Santro Xing,Hyundai,2006,Manual,60000,Petrol,85000
Maruti Suzuki Wagon,Maruti,2016,Manual,20000,Petrol,395000
Maruti Suzuki Swift,Maruti,2008,Automatic,58000,Diesel,175000
Maruti Suzuki Alto,Maruti,2019,Manual,1500,Petrol,400000
Toyota Innova 2.5,Toyota,2011,Manual,75000,Diesel,750000
Maruti Suzuki Alto,Maruti,2016,Manual,2450,Petrol,250000
Maruti Suzuki Alto,Maruti,2019,Automatic,1625,Petrol,425000
Volkswagen Polo Highline1.2L,Volkswagen,2017,Automatic,45000,Petrol,525000
Mahindra Logan,Mahindra,2009,Manual,65000,Diesel,130000
Maruti Suzuki 800,Maruti,2000,Manual,33400,Petrol,30000
Mahindra Scorpio,Mahindra,2011,Manual,60123,Diesel,475000
Chevrolet Sail 1.2,Chevrolet,2013,Manual,28000,Petrol,300000
Hyundai Santro AE,Hyundai,2003,Manual,70000,Petrol,60000
Maruti Suzuki Wagon,Maruti,2006,Manual,7000,Petrol,100000
Hyundai Eon,Hyundai,2018,Automatic,25000,Petrol,260000
Tata Manza,Tata,2015,Automatic,100000,Diesel,100000
Toyota Etios G,Toyota,2013,Manual,42000,Petrol,265000
Hyundai Getz Prime,Hyundai,2009,Manual,20000,Petrol,115000
Toyota Qualis,Toyota,2003,Manual,100000,Diesel,180000
Hyundai Santro Xing,Hyundai,2004,Manual,137495,Petrol,45000
Tata Indica eV2,Tata,2016,Manual,91200,Diesel,50500
Honda City 1.5,Honda,2009,Manual,55000,Petrol,270000
Tata Zest XE,Tata,2017,Manual,120000,Diesel,290000
Mahindra Quanto C4,Mahindra,2013,Manual,63000,Diesel,325000
Tata Indigo eCS,Tata,2016,Manual,104000,Diesel,160000
Maruti Suzuki Swift,Maruti,2016,Automatic,146000,Diesel,350000
Hyundai Elite i20,Hyundai,2011,Manual,40000,Petrol,290000
Hyundai i20 Select,Hyundai,2011,Manual,40000,Petrol,290000
Chevrolet Tavera Neo,Chevrolet,2007,Manual,100800,Diesel,465000
Maruti Suzuki Dzire,Maruti,2016,Manual,150000,Diesel,325000
Hyundai Elite i20,Hyundai,2018,Manual,2100,Petrol,510000
Honda City VX,Honda,2016,Manual,95000,Petrol,860000
Maruti Suzuki Dzire,Maruti,2016,Manual,2500,Diesel,450000
Hyundai Getz,Hyundai,2006,Manual,80000,Petrol,125000
Mercedes Benz C,Mercedes,2006,Manual,15000,Petrol,500001
Maruti Suzuki Alto,Maruti,2005,Manual,65000,Petrol,95000
Maruti Suzuki Swift,Maruti,2009,Automatic,51000,Diesel,250000
Skoda Fabia,Skoda,2009,Manual,45000,Petrol,110000
Maruti Suzuki Ritz,Maruti,2011,Manual,50000,Petrol,270000
Tata Indica V2,Tata,2009,Manual,30000,Diesel,110000
Toyota Corolla Altis,Toyota,2009,Manual,132000,Petrol,300000
Tata Zest XM,Tata,2018,Manual,27000,Diesel,260000
Mahindra Quanto C8,Mahindra,2013,Manual,40000,Diesel,390000
